{
    "Ar36": {
        "error": 0.0002523941030461741, 
        "filter_outliers_dict": {
            "filter_outliers": true, 
            "iterations": 2, 
            "std_devs": 2
        }, 
        "fit": "Parabolic", 
        "value": 0.005755597585643625
    }, 
    "Ar37": {
        "error": 0.011497221257497392, 
        "filter_outliers_dict": {
            "filter_outliers": true, 
            "iterations": 2, 
            "std_devs": 2
        }, 
        "fit": "linear", 
        "value": -0.41777017991831444
    }, 
    "Ar38": {
        "error": 0.013088137672314303, 
        "filter_outliers_dict": {
            "filter_outliers": true, 
            "iterations": 2, 
            "std_devs": 2
        }, 
        "fit": "linear", 
        "value": -0.11206202566975798
    }, 
    "Ar39": {
        "error": 0.025608355850656666, 
        "filter_outliers_dict": {
            "filter_outliers": true, 
            "iterations": 2, 
            "std_devs": 2
        }, 
        "fit": "Parabolic", 
        "value": -0.03502111265365428
    }, 
    "Ar40": {
        "error": 0.02075330698718941, 
        "filter_outliers_dict": {
            "filter_outliers": true, 
            "iterations": 2, 
            "std_devs": 2
        }, 
        "fit": "Parabolic", 
        "value": 0.32438937885812946
    }
}